epoch,time,train/box_loss,train/cls_loss,train/dfl_loss,metrics/precision(B),metrics/recall(B),metrics/mAP50(B),metrics/mAP50-95(B),val/box_loss,val/cls_loss,val/dfl_loss,lr/pg0,lr/pg1,lr/pg2
1,13.1285,1.72295,2.21856,1.37662,0.07054,0.15507,0.0521,0.0238,3.02262,inf,7.51426,0.0706383,0.00326241,0.00326241
2,20.2516,1.57901,1.36089,1.32329,0,0,0,0,nan,nan,nan,0.040573,0.00653045,0.00653045
3,26.8936,1.5708,1.23833,1.31023,0.27434,0.02653,0.02066,0.00677,2.55529,28.2364,2.64618,0.0104417,0.00973248,0.00973248
4,33.4616,1.51243,1.14157,1.2639,0.5676,0.32122,0.31146,0.15503,1.71537,4.97223,1.97636,0.009703,0.009703,0.009703
5,39.9744,1.47232,1.0918,1.26564,0.67679,0.34109,0.41985,0.22456,1.72697,2.66884,1.64784,0.009604,0.009604,0.009604
6,46.6485,1.45472,1.05001,1.24189,0.66336,0.46896,0.51078,0.26654,1.5298,3.05562,1.56686,0.009505,0.009505,0.009505
7,53.3678,1.42716,1.0033,1.22639,0.68003,0.47481,0.52045,0.29432,1.53373,4.16159,1.92668,0.009406,0.009406,0.009406
8,59.952,1.36924,0.94265,1.20591,0.79728,0.57012,0.6191,0.36654,1.41935,1.36155,1.37341,0.009307,0.009307,0.009307
9,66.5371,1.36566,0.91704,1.19557,0.82317,0.61517,0.62287,0.3681,1.28389,1.00896,1.3358,0.009208,0.009208,0.009208
10,73.247,1.3192,0.86375,1.16945,0.59484,0.78205,0.62806,0.36875,1.30181,2.67284,1.3691,0.009109,0.009109,0.009109
11,79.827,1.33077,0.89281,1.18259,0.80669,0.63252,0.65261,0.39702,1.24765,0.97954,1.28541,0.00901,0.00901,0.00901
12,86.48,1.30834,0.84456,1.15994,0.8621,0.57783,0.66979,0.38157,1.26115,1.08547,1.31969,0.008911,0.008911,0.008911
13,93.1596,1.31111,0.84867,1.16488,0.92857,0.49145,0.60478,0.36177,1.32395,1.6259,1.3542,0.008812,0.008812,0.008812
14,99.7689,1.29653,0.79807,1.15149,0.91944,0.63125,0.74086,0.41595,1.33347,0.90356,1.33612,0.008713,0.008713,0.008713
15,106.391,1.30301,0.81422,1.15606,0.76782,0.53149,0.57586,0.33307,1.27591,1.11112,1.34199,0.008614,0.008614,0.008614
16,113.016,1.28195,0.79461,1.16577,0.90863,0.6183,0.72286,0.4452,1.192,0.80662,1.22291,0.008515,0.008515,0.008515
17,119.685,1.27497,0.7777,1.1407,0.63706,0.7326,0.72532,0.43876,1.28273,0.96007,1.2683,0.008416,0.008416,0.008416
18,126.352,1.26843,0.7739,1.12405,0.68425,0.72208,0.71518,0.44793,1.1529,0.75659,1.19891,0.008317,0.008317,0.008317
19,133.04,1.20746,0.73927,1.12193,0.90744,0.65591,0.71329,0.46278,1.20146,0.79859,1.22279,0.008218,0.008218,0.008218
20,139.579,1.21693,0.73644,1.11553,0.90411,0.66405,0.71854,0.43561,1.12428,0.81456,1.20021,0.008119,0.008119,0.008119
21,146.276,1.22468,0.73789,1.11346,0.67573,0.69921,0.70579,0.43974,1.12507,1.0499,1.20374,0.00802,0.00802,0.00802
22,152.874,1.20042,0.71723,1.09637,0.86934,0.66864,0.76125,0.47938,1.20207,0.71392,1.20067,0.007921,0.007921,0.007921
23,159.497,1.20384,0.70468,1.09869,0.88943,0.60847,0.67874,0.45713,1.12607,0.76244,1.1975,0.007822,0.007822,0.007822
24,166.053,1.20026,0.70997,1.10335,0.75213,0.7179,0.76497,0.47518,1.14749,0.76401,1.21457,0.007723,0.007723,0.007723
25,172.514,1.18416,0.70524,1.09534,0.6278,0.76806,0.78914,0.46649,1.18958,0.69303,1.21505,0.007624,0.007624,0.007624
26,179.074,1.20942,0.68464,1.09927,0.68444,0.83361,0.77906,0.49949,1.07122,0.63064,1.15487,0.007525,0.007525,0.007525
27,185.769,1.17734,0.67456,1.08363,0.63825,0.78627,0.74352,0.45468,1.18201,0.70756,1.24309,0.007426,0.007426,0.007426
28,192.44,1.20451,0.68951,1.09036,0.68116,0.5264,0.64623,0.39303,1.31634,0.93701,1.29154,0.007327,0.007327,0.007327
29,198.999,1.17947,0.67767,1.0943,0.86883,0.70895,0.75519,0.47084,1.17634,0.72248,1.23685,0.007228,0.007228,0.007228
30,205.61,1.17371,0.66535,1.08663,0.68758,0.78323,0.80129,0.51679,1.09699,0.7016,1.16017,0.007129,0.007129,0.007129
31,212.167,1.21289,0.70691,1.1041,0.67912,0.67719,0.72202,0.46584,1.20666,0.76001,1.20766,0.00703,0.00703,0.00703
32,218.751,1.17689,0.67011,1.0903,0.69387,0.67837,0.72446,0.43507,1.26274,0.7748,1.23768,0.006931,0.006931,0.006931
33,225.312,1.16648,0.65038,1.07834,0.76136,0.80911,0.81179,0.50725,1.09115,0.62635,1.16201,0.006832,0.006832,0.006832
34,231.913,1.14992,0.65818,1.07708,0.72003,0.7488,0.74595,0.4726,1.20867,0.66512,1.22832,0.006733,0.006733,0.006733
35,238.447,1.11276,0.63926,1.06234,0.74466,0.85153,0.82742,0.51894,1.0484,0.65341,1.14463,0.006634,0.006634,0.006634
36,245.029,1.15283,0.64533,1.07762,0.84351,0.82398,0.89411,0.52887,1.10371,0.69502,1.16512,0.006535,0.006535,0.006535
37,251.665,1.1273,0.64442,1.07211,0.74021,0.7419,0.79163,0.52087,1.06255,0.60652,1.15539,0.006436,0.006436,0.006436
38,258.245,1.11617,0.63165,1.06287,0.83838,0.87913,0.92478,0.55361,1.07137,0.69458,1.15954,0.006337,0.006337,0.006337
39,264.876,1.13871,0.63637,1.06241,0.75314,0.88029,0.85029,0.54673,1.0551,0.61185,1.12385,0.006238,0.006238,0.006238
40,271.435,1.11175,0.61983,1.05453,0.76303,0.81206,0.78816,0.52949,1.03083,0.60345,1.12501,0.006139,0.006139,0.006139
41,278.065,1.14644,0.63227,1.07024,0.83644,0.83926,0.88206,0.53866,1.12325,0.60992,1.16369,0.00604,0.00604,0.00604
42,284.663,1.12209,0.62932,1.07324,0.73721,0.80121,0.80041,0.53741,1.01396,0.58262,1.10914,0.005941,0.005941,0.005941
43,291.335,1.10253,0.60348,1.05253,0.85856,0.85722,0.9092,0.58021,1.00995,0.5903,1.10661,0.005842,0.005842,0.005842
44,297.915,1.10495,0.60858,1.05886,0.80978,0.76223,0.83106,0.52112,1.15637,0.60812,1.19101,0.005743,0.005743,0.005743
45,304.602,1.09187,0.59202,1.05681,0.80781,0.83146,0.84214,0.53156,1.07997,0.62832,1.17951,0.005644,0.005644,0.005644
46,311.287,1.09345,0.60361,1.05647,0.84474,0.87826,0.87612,0.54239,1.02929,0.55148,1.12894,0.005545,0.005545,0.005545
47,317.961,1.0967,0.59761,1.04257,0.78379,0.84599,0.88407,0.56093,1.12651,0.57997,1.18566,0.005446,0.005446,0.005446
48,324.58,1.10902,0.60745,1.04998,0.85343,0.84091,0.89324,0.56531,1.10474,0.60241,1.17997,0.005347,0.005347,0.005347
49,331.182,1.09605,0.59185,1.04553,0.75804,0.85687,0.84963,0.55928,1.03845,0.53199,1.14513,0.005248,0.005248,0.005248
50,337.866,1.10624,0.60308,1.05012,0.7895,0.83622,0.86074,0.55803,1.05247,0.5723,1.11831,0.005149,0.005149,0.005149
51,344.481,1.07444,0.58295,1.04044,0.85756,0.8818,0.9163,0.57761,1.03737,0.52573,1.11969,0.00505,0.00505,0.00505
52,351.159,1.07726,0.58395,1.04074,0.86079,0.94301,0.94711,0.6057,0.99054,0.50655,1.10159,0.004951,0.004951,0.004951
53,357.807,1.0971,0.58621,1.0419,0.89848,0.88808,0.90798,0.57898,1.01605,0.52418,1.10737,0.004852,0.004852,0.004852
54,364.375,1.05277,0.5725,1.02939,0.80936,0.85463,0.87027,0.57851,1.03985,0.53977,1.12262,0.004753,0.004753,0.004753
55,371.081,1.03812,0.55478,1.02423,0.7927,0.87942,0.8533,0.55326,1.01194,0.52595,1.12815,0.004654,0.004654,0.004654
56,378.132,1.05628,0.5615,1.02684,0.83505,0.86896,0.88573,0.58082,1.0265,0.51285,1.11232,0.004555,0.004555,0.004555
57,384.832,1.06316,0.55772,1.04191,0.852,0.86477,0.87099,0.57566,0.9971,0.52439,1.0967,0.004456,0.004456,0.004456
58,391.433,1.03441,0.55589,1.02373,0.82289,0.82251,0.8696,0.57707,0.99373,0.52327,1.09855,0.004357,0.004357,0.004357
59,398.011,1.07888,0.57561,1.02917,0.87959,0.88203,0.90862,0.56235,1.08069,0.54087,1.13934,0.004258,0.004258,0.004258
60,404.644,1.0789,0.57318,1.03219,0.80775,0.87514,0.89805,0.57965,1.03322,0.54717,1.11849,0.004159,0.004159,0.004159
61,411.254,1.02846,0.55123,1.01283,0.87254,0.88307,0.91066,0.58699,1.0021,0.52286,1.10757,0.00406,0.00406,0.00406
62,418.273,1.054,0.56084,1.02963,0.78388,0.91866,0.86701,0.59117,0.97732,0.50422,1.09466,0.003961,0.003961,0.003961
63,424.867,1.07003,0.55587,1.0411,0.88361,0.88124,0.92876,0.60987,1.02875,0.5053,1.11985,0.003862,0.003862,0.003862
64,431.499,1.0667,0.55691,1.02305,0.89225,0.90445,0.93039,0.59461,0.99613,0.49866,1.10332,0.003763,0.003763,0.003763
65,438.139,1.0459,0.55615,1.02584,0.86804,0.91618,0.92446,0.61177,1.00884,0.50502,1.11632,0.003664,0.003664,0.003664
66,444.696,1.03905,0.5394,1.01009,0.86093,0.90684,0.90508,0.57599,1.02897,0.52177,1.12916,0.003565,0.003565,0.003565
67,451.236,1.0098,0.53462,1.01122,0.86538,0.87545,0.88901,0.5974,0.99336,0.49487,1.10506,0.003466,0.003466,0.003466
68,457.769,1.02234,0.53567,1.02001,0.83004,0.96341,0.93152,0.63266,0.97406,0.49825,1.08024,0.003367,0.003367,0.003367
69,464.391,1.02629,0.53667,1.0004,0.84533,0.89758,0.91933,0.60652,0.98683,0.49819,1.0871,0.003268,0.003268,0.003268
70,470.983,1.00245,0.53085,1.00665,0.85091,0.91176,0.89015,0.59235,1.00105,0.4955,1.11168,0.003169,0.003169,0.003169
71,477.526,1.01359,0.52564,1.00767,0.87655,0.88719,0.91412,0.60069,0.96907,0.4845,1.10121,0.00307,0.00307,0.00307
72,484.142,1.01254,0.52013,1.01215,0.82987,0.87534,0.88024,0.59764,0.95973,0.48308,1.09538,0.002971,0.002971,0.002971
73,490.737,1.00881,0.52762,1.01001,0.87035,0.92991,0.92724,0.61961,0.94757,0.47281,1.07492,0.002872,0.002872,0.002872
74,497.373,0.99653,0.51112,1.00352,0.86162,0.89065,0.90839,0.62227,0.95672,0.47285,1.05934,0.002773,0.002773,0.002773
75,503.95,1.02434,0.51951,1.00791,0.91011,0.94461,0.95855,0.6408,0.95663,0.46081,1.07739,0.002674,0.002674,0.002674
76,510.553,1.00401,0.51295,0.99382,0.9288,0.86471,0.94039,0.61812,0.99948,0.47547,1.10835,0.002575,0.002575,0.002575
77,517.191,1.00796,0.51335,1.00317,0.92801,0.91043,0.94737,0.62449,0.96009,0.47235,1.08757,0.002476,0.002476,0.002476
78,523.802,0.99388,0.50154,1.00594,0.9149,0.84324,0.91472,0.59284,1.00348,0.47629,1.12084,0.002377,0.002377,0.002377
79,530.28,0.98759,0.50213,0.99702,0.84814,0.92197,0.91508,0.61319,0.99077,0.46081,1.10387,0.002278,0.002278,0.002278
80,536.755,0.98351,0.49852,0.99643,0.93298,0.81697,0.87061,0.59497,0.96002,0.46227,1.0776,0.002179,0.002179,0.002179
81,543.268,0.98637,0.50345,0.99584,0.94436,0.91655,0.96586,0.63049,0.9601,0.45416,1.07804,0.00208,0.00208,0.00208
82,549.876,0.98826,0.51217,0.99689,0.88257,0.90893,0.9284,0.6123,0.96777,0.47075,1.09162,0.001981,0.001981,0.001981
83,556.406,0.9772,0.4987,0.9845,0.86542,0.90855,0.93127,0.61768,0.97114,0.45883,1.08873,0.001882,0.001882,0.001882
84,562.965,0.9709,0.4946,0.98868,0.89806,0.96475,0.95356,0.63489,0.9575,0.44986,1.08869,0.001783,0.001783,0.001783
85,569.604,0.97356,0.49288,0.99164,0.8365,0.87398,0.87674,0.60581,0.96911,0.45195,1.09981,0.001684,0.001684,0.001684
86,576.296,0.97768,0.49402,0.98824,0.90824,0.95706,0.96182,0.63716,0.92783,0.44207,1.07293,0.001585,0.001585,0.001585
87,582.988,0.97976,0.49058,0.98689,0.85065,0.92356,0.93336,0.64228,0.9313,0.43384,1.07086,0.001486,0.001486,0.001486
88,589.501,0.9667,0.49414,0.98856,0.91907,0.903,0.94784,0.65912,0.93821,0.44086,1.05917,0.001387,0.001387,0.001387
89,596.108,0.95169,0.48507,0.98534,0.92544,0.93863,0.95193,0.65285,0.9242,0.43332,1.06843,0.001288,0.001288,0.001288
90,602.728,0.95765,0.48113,0.98136,0.88207,0.93434,0.92504,0.64852,0.93203,0.4394,1.06753,0.001189,0.001189,0.001189
91,629.427,0.9401,0.45792,0.97776,0.90987,0.93833,0.9482,0.648,0.94452,0.4483,1.07518,0.00109,0.00109,0.00109
92,635.995,0.93025,0.44541,0.96388,0.86662,0.89839,0.89996,0.62151,0.95546,0.45249,1.08701,0.000991,0.000991,0.000991
93,642.486,0.93259,0.44423,0.97245,0.94242,0.94405,0.95619,0.632,0.94982,0.43972,1.07943,0.000892,0.000892,0.000892
94,649.086,0.9341,0.43731,0.97574,0.87252,0.87557,0.9074,0.63266,0.95422,0.43672,1.07126,0.000793,0.000793,0.000793
95,655.697,0.92037,0.43296,0.96834,0.93029,0.92851,0.94355,0.654,0.91937,0.42822,1.06936,0.000694,0.000694,0.000694
96,662.206,0.91696,0.43431,0.9681,0.89731,0.92417,0.93681,0.65353,0.92845,0.42228,1.06328,0.000595,0.000595,0.000595
97,668.727,0.89783,0.42305,0.95879,0.88273,0.94452,0.92697,0.65826,0.92403,0.42908,1.06382,0.000496,0.000496,0.000496
98,675.255,0.90988,0.42329,0.95839,0.88814,0.95743,0.93697,0.66317,0.91751,0.42221,1.05713,0.000397,0.000397,0.000397
99,681.775,0.91344,0.42606,0.9675,0.89301,0.93244,0.93653,0.66646,0.91049,0.42094,1.05385,0.000298,0.000298,0.000298
100,688.285,0.90423,0.42057,0.95723,0.89233,0.89712,0.92228,0.64751,0.9205,0.42398,1.06277,0.000199,0.000199,0.000199
